,symboling,normalized-losses,make,num-of-doors,body-style,drive-wheels,engine-location,wheel-base,length,width,height,curb-weight,engine-type,num-of-cylinders,engine-size,fuel-system,bore,stroke,compression-ratio,horsepower,peak-rpm,city-mpg,highway-mpg,price,city-L/100km,highway-L/100,horsepower-binned,fuel-type-diesel,fuel-type-gas,std,turbo
0,3,,alfa-romero,two,convertible,rwd,front,88.6,0.8111484863046613,0.8865836791147994,48.8,2548,dohc,four,130,mpfi,3.47,2.68,9.0,111.0,5000,21,27,16500,11.19047619047619,8.703703703703704,Low,False,True,True,False
1,1,,alfa-romero,two,hatchback,rwd,front,94.5,0.8226814031715521,0.9059474412171508,52.4,2823,ohcv,six,152,mpfi,2.68,3.47,9.0,154.0,5000,19,26,16500,12.368421052631579,9.038461538461538,Medium,False,True,True,False
2,2,164,audi,four,sedan,fwd,front,99.8,0.8486304661220567,0.9156293222683265,54.3,2337,ohc,four,109,mpfi,3.19,3.40,10.0,102.0,5500,24,30,13950,9.791666666666666,7.833333333333333,Low,False,True,True,False
3,2,164,audi,four,sedan,4wd,front,99.4,0.8486304661220567,0.9183955739972338,54.3,2824,ohc,five,136,mpfi,3.19,3.40,8.0,115.0,5500,18,22,17450,13.055555555555555,10.681818181818182,Low,False,True,True,False
4,2,,audi,two,sedan,fwd,front,99.8,0.8519942335415667,0.91701244813278,53.1,2507,ohc,five,136,mpfi,3.19,3.40,8.5,110.0,5500,19,25,15250,12.368421052631579,9.4,Low,False,True,True,False
5,1,158,audi,four,sedan,fwd,front,105.8,0.9259971167707832,0.9875518672199172,55.7,2844,ohc,five,136,mpfi,3.19,3.40,8.5,110.0,5500,19,25,17710,12.368421052631579,9.4,Low,False,True,True,False
6,1,,audi,four,wagon,fwd,front,105.8,0.9259971167707832,0.9875518672199172,55.7,2954,ohc,five,136,mpfi,3.19,3.40,8.5,110.0,5500,19,25,18920,12.368421052631579,9.4,Low,False,True,True,False
7,1,158,audi,four,sedan,fwd,front,105.8,0.9259971167707832,0.9875518672199172,55.9,3086,ohc,five,131,mpfi,3.13,3.40,8.3,140.0,5500,17,20,23875,13.823529411764707,11.75,Medium,False,True,False,True
8,0,,audi,two,hatchback,4wd,front,99.5,0.8563190773666506,0.9391424619640388,52.0,3053,ohc,five,131,mpfi,3.13,3.40,7.0,160.0,5500,16,22,,14.6875,10.681818181818182,Medium,False,True,False,True
9,2,192,bmw,two,sedan,rwd,front,101.2,0.849591542527631,0.8962655601659751,54.3,2395,ohc,four,108,mpfi,3.50,2.80,8.8,101.0,5800,23,29,16430,10.217391304347826,8.10344827586207,Low,False,True,True,False
10,0,192,bmw,four,sedan,rwd,front,101.2,0.849591542527631,0.8962655601659751,54.3,2395,ohc,four,108,mpfi,3.50,2.80,8.8,101.0,5800,23,29,16925,10.217391304347826,8.10344827586207,Low,False,True,True,False
11,0,188,bmw,two,sedan,rwd,front,101.2,0.849591542527631,0.8962655601659751,54.3,2710,ohc,six,164,mpfi,3.31,3.19,9.0,121.0,4250,21,28,20970,11.19047619047619,8.392857142857142,Low,False,True,True,False
12,0,188,bmw,four,sedan,rwd,front,101.2,0.849591542527631,0.8962655601659751,54.3,2765,ohc,six,164,mpfi,3.31,3.19,9.0,121.0,4250,21,28,21105,11.19047619047619,8.392857142857142,Low,False,True,True,False
13,1,,bmw,four,sedan,rwd,front,103.5,0.9082172032676598,0.9253112033195022,55.7,3055,ohc,six,164,mpfi,3.31,3.19,9.0,121.0,4250,20,25,24565,11.75,9.4,Low,False,True,True,False
14,0,,bmw,four,sedan,rwd,front,103.5,0.9082172032676598,0.9253112033195022,55.7,3230,ohc,six,209,mpfi,3.62,3.39,8.0,182.0,5400,16,22,30760,14.6875,10.681818181818182,Medium,False,True,True,False
15,0,,bmw,two,sedan,rwd,front,103.5,0.9312830370014417,0.9391424619640388,53.7,3380,ohc,six,209,mpfi,3.62,3.39,8.0,182.0,5400,16,22,41315,14.6875,10.681818181818182,Medium,False,True,True,False
16,0,,bmw,four,sedan,rwd,front,110.0,0.9466602594906295,0.9806362378976488,56.3,3505,ohc,six,209,mpfi,3.62,3.39,8.0,182.0,5400,15,20,36880,15.666666666666666,11.75,Medium,False,True,True,False
17,2,121,chevrolet,two,hatchback,fwd,front,88.4,0.6780394041326285,0.8340248962655602,53.2,1488,l,three,61,2bbl,2.91,3.03,9.5,48.0,5100,47,53,5151,5.0,4.433962264150943,Low,False,True,True,False
18,1,98,chevrolet,two,hatchback,fwd,front,94.5,0.7491590581451226,0.8796680497925312,52.0,1874,ohc,four,90,2bbl,3.03,3.11,9.6,70.0,5400,38,43,6295,6.184210526315789,5.465116279069767,Low,False,True,True,False
19,0,81,chevrolet,four,sedan,fwd,front,94.5,0.7630946660259491,0.8796680497925312,52.0,1909,ohc,four,90,2bbl,3.03,3.11,9.6,70.0,5400,38,43,6575,6.184210526315789,5.465116279069767,Low,False,True,True,False
20,1,118,dodge,two,hatchback,fwd,front,93.7,0.7558865929841423,0.8824343015214384,50.8,1876,ohc,four,90,2bbl,2.97,3.23,9.41,68.0,5500,37,41,5572,6.351351351351352,5.7317073170731705,Low,False,True,True,False
21,1,118,dodge,two,hatchback,fwd,front,93.7,0.7558865929841423,0.8824343015214384,50.8,1876,ohc,four,90,2bbl,2.97,3.23,9.4,68.0,5500,31,38,6377,7.580645161290323,6.184210526315789,Low,False,True,True,False
22,1,118,dodge,two,hatchback,fwd,front,93.7,0.7558865929841423,0.8824343015214384,50.8,2128,ohc,four,98,mpfi,3.03,3.39,7.6,102.0,5500,24,30,7957,9.791666666666666,7.833333333333333,Low,False,True,False,True
23,1,148,dodge,four,hatchback,fwd,front,93.7,0.7558865929841423,0.8824343015214384,50.6,1967,ohc,four,90,2bbl,2.97,3.23,9.4,68.0,5500,31,38,6229,7.580645161290323,6.184210526315789,Low,False,True,True,False
24,1,148,dodge,four,sedan,fwd,front,93.7,0.7558865929841423,0.8824343015214384,50.6,1989,ohc,four,90,2bbl,2.97,3.23,9.4,68.0,5500,31,38,6692,7.580645161290323,6.184210526315789,Low,False,True,True,False
25,1,148,dodge,four,sedan,fwd,front,93.7,0.7558865929841423,0.8824343015214384,50.6,1989,ohc,four,90,2bbl,2.97,3.23,9.4,68.0,5500,31,38,7609,7.580645161290323,6.184210526315789,Low,False,True,True,False
26,1,148,dodge,,sedan,fwd,front,93.7,0.7558865929841423,0.8824343015214384,50.6,2191,ohc,four,98,mpfi,3.03,3.39,7.6,102.0,5500,24,30,8558,9.791666666666666,7.833333333333333,Low,False,True,False,True
27,-1,110,dodge,four,wagon,fwd,front,103.3,0.8390197020663143,0.8934993084370677,59.8,2535,ohc,four,122,2bbl,3.34,3.46,8.5,88.0,5000,24,30,8921,9.791666666666666,7.833333333333333,Low,False,True,True,False
28,3,145,dodge,two,hatchback,fwd,front,95.9,0.8322921672272945,0.91701244813278,50.2,2811,ohc,four,156,mfi,3.60,3.90,7.0,145.0,5000,19,24,12964,12.368421052631579,9.791666666666666,Medium,False,True,False,True
29,2,137,honda,two,hatchback,fwd,front,86.6,0.6948582412301778,0.8838174273858921,50.8,1713,ohc,four,92,1bbl,2.91,3.41,9.6,58.0,4800,49,54,6479,4.795918367346939,4.351851851851852,Low,False,True,True,False
30,2,137,honda,two,hatchback,fwd,front,86.6,0.6948582412301778,0.8838174273858921,50.8,1819,ohc,four,92,1bbl,2.91,3.41,9.2,76.0,6000,31,38,6855,7.580645161290323,6.184210526315789,Low,False,True,True,False
31,1,101,honda,two,hatchback,fwd,front,93.7,0.7208073041806824,0.8852005532503459,52.6,1837,ohc,four,79,1bbl,2.91,3.07,10.1,60.0,5500,38,42,5399,6.184210526315789,5.595238095238095,Low,False,True,True,False
32,1,101,honda,two,hatchback,fwd,front,93.7,0.7208073041806824,0.8852005532503459,52.6,1940,ohc,four,92,1bbl,2.91,3.41,9.2,76.0,6000,30,34,6529,7.833333333333333,6.911764705882353,Low,False,True,True,False
33,1,101,honda,two,hatchback,fwd,front,93.7,0.7208073041806824,0.8852005532503459,52.6,1956,ohc,four,92,1bbl,2.91,3.41,9.2,76.0,6000,30,34,7129,7.833333333333333,6.911764705882353,Low,False,True,True,False
34,0,110,honda,four,sedan,fwd,front,96.5,0.7851994233541567,0.8852005532503459,54.5,2010,ohc,four,92,1bbl,2.91,3.41,9.2,76.0,6000,30,34,7295,7.833333333333333,6.911764705882353,Low,False,True,True,False
35,0,78,honda,four,wagon,fwd,front,96.5,0.754925516578568,0.8838174273858921,58.3,2024,ohc,four,92,1bbl,2.92,3.41,9.2,76.0,6000,30,34,7295,7.833333333333333,6.911764705882353,Low,False,True,True,False
36,0,106,honda,two,hatchback,fwd,front,96.5,0.8049014896684287,0.9017980636237899,53.3,2236,ohc,four,110,1bbl,3.15,3.58,9.0,86.0,5800,27,33,7895,8.703703703703704,7.121212121212121,Low,False,True,True,False
37,0,106,honda,two,hatchback,fwd,front,96.5,0.8049014896684287,0.9017980636237899,53.3,2289,ohc,four,110,1bbl,3.15,3.58,9.0,86.0,5800,27,33,9095,8.703703703703704,7.121212121212121,Low,False,True,True,False
38,0,85,honda,four,sedan,fwd,front,96.5,0.8428640076886112,0.9017980636237899,54.1,2304,ohc,four,110,1bbl,3.15,3.58,9.0,86.0,5800,27,33,8845,8.703703703703704,7.121212121212121,Low,False,True,True,False
39,0,85,honda,four,sedan,fwd,front,96.5,0.8428640076886112,0.8644536652835408,54.1,2372,ohc,four,110,1bbl,3.15,3.58,9.0,86.0,5800,27,33,10295,8.703703703703704,7.121212121212121,Low,False,True,True,False
40,0,85,honda,four,sedan,fwd,front,96.5,0.8428640076886112,0.9017980636237899,54.1,2465,ohc,four,110,mpfi,3.15,3.58,9.0,101.0,5800,24,28,12945,9.791666666666666,8.392857142857142,Low,False,True,True,False
41,1,107,honda,two,sedan,fwd,front,96.5,0.8125901009130225,0.9128630705394192,51.0,2293,ohc,four,110,2bbl,3.15,3.58,9.1,100.0,5500,25,31,10345,9.4,7.580645161290323,Low,False,True,True,False
42,0,,isuzu,four,sedan,rwd,front,94.3,0.8202787121576165,0.8547717842323651,53.5,2337,ohc,four,111,2bbl,3.31,3.23,8.5,78.0,4800,24,29,6785,9.791666666666666,8.10344827586207,Low,False,True,True,False
43,1,,isuzu,two,sedan,fwd,front,94.5,0.7491590581451226,0.8796680497925312,52.0,1874,ohc,four,90,2bbl,3.03,3.11,9.6,70.0,5400,38,43,,6.184210526315789,5.465116279069767,Low,False,True,True,False
44,0,,isuzu,four,sedan,fwd,front,94.5,0.7491590581451226,0.8796680497925312,52.0,1909,ohc,four,90,2bbl,3.03,3.11,9.6,70.0,5400,38,43,,6.184210526315789,5.465116279069767,Low,False,True,True,False
45,2,,isuzu,two,hatchback,rwd,front,96.0,0.8294089380105718,0.9017980636237899,51.4,2734,ohc,four,119,spfi,3.43,3.23,9.2,90.0,5000,24,29,11048,9.791666666666666,8.10344827586207,Low,False,True,True,False
46,0,145,jaguar,four,sedan,rwd,front,113.0,0.9591542527630946,0.962655601659751,52.8,4066,dohc,six,258,mpfi,3.63,4.17,8.1,176.0,4750,15,19,32250,15.666666666666666,12.368421052631579,Medium,False,True,True,False
47,0,,jaguar,four,sedan,rwd,front,113.0,0.9591542527630946,0.962655601659751,52.8,4066,dohc,six,258,mpfi,3.63,4.17,8.1,176.0,4750,15,19,35550,15.666666666666666,12.368421052631579,Medium,False,True,True,False
48,0,,jaguar,two,sedan,rwd,front,102.0,0.921191734742912,0.9764868603042877,47.8,3950,ohcv,twelve,326,mpfi,3.54,2.76,11.5,262.0,5000,13,17,36000,18.076923076923077,13.823529411764707,High,False,True,True,False
49,1,104,mazda,two,hatchback,fwd,front,93.1,0.7645362806343105,0.8879668049792532,54.1,1890,ohc,four,91,2bbl,3.03,3.15,9.0,68.0,5000,30,31,5195,7.833333333333333,7.580645161290323,Low,False,True,True,False
50,1,104,mazda,two,hatchback,fwd,front,93.1,0.7645362806343105,0.8879668049792532,54.1,1900,ohc,four,91,2bbl,3.03,3.15,9.0,68.0,5000,31,38,6095,7.580645161290323,6.184210526315789,Low,False,True,True,False
51,1,104,mazda,two,hatchback,fwd,front,93.1,0.7645362806343105,0.8879668049792532,54.1,1905,ohc,four,91,2bbl,3.03,3.15,9.0,68.0,5000,31,38,6795,7.580645161290323,6.184210526315789,Low,False,True,True,False
52,1,113,mazda,four,sedan,fwd,front,93.1,0.8015377222489188,0.8879668049792532,54.1,1945,ohc,four,91,2bbl,3.03,3.15,9.0,68.0,5000,31,38,6695,7.580645161290323,6.184210526315789,Low,False,True,True,False
53,1,113,mazda,four,sedan,fwd,front,93.1,0.8015377222489188,0.8879668049792532,54.1,1950,ohc,four,91,2bbl,3.08,3.15,9.0,68.0,5000,31,38,7395,7.580645161290323,6.184210526315789,Low,False,True,True,False
54,3,150,mazda,two,hatchback,rwd,front,95.3,0.8121095627102355,0.9087136929460582,49.6,2380,rotor,two,70,4bbl,,,9.4,101.0,6000,17,23,10945,13.823529411764707,10.217391304347826,Low,False,True,True,False
55,3,150,mazda,two,hatchback,rwd,front,95.3,0.8121095627102355,0.9087136929460582,49.6,2380,rotor,two,70,4bbl,,,9.4,101.0,6000,17,23,11845,13.823529411764707,10.217391304347826,Low,False,True,True,False
56,3,150,mazda,two,hatchback,rwd,front,95.3,0.8121095627102355,0.9087136929460582,49.6,2385,rotor,two,70,4bbl,,,9.4,101.0,6000,17,23,13645,13.823529411764707,10.217391304347826,Low,False,True,True,False
57,3,150,mazda,two,hatchback,rwd,front,95.3,0.8121095627102355,0.9087136929460582,49.6,2500,rotor,two,80,mpfi,,,9.4,135.0,6000,16,23,15645,14.6875,10.217391304347826,Medium,False,True,True,False
58,1,129,mazda,two,hatchback,fwd,front,98.8,0.8543969245555022,0.9197786998616875,53.7,2385,ohc,four,122,2bbl,3.39,3.39,8.6,84.0,4800,26,32,8845,9.038461538461538,7.34375,Low,False,True,True,False
59,0,115,mazda,four,sedan,fwd,front,98.8,0.8543969245555022,0.9197786998616875,55.5,2410,ohc,four,122,2bbl,3.39,3.39,8.6,84.0,4800,26,32,8495,9.038461538461538,7.34375,Low,False,True,True,False
60,1,129,mazda,two,hatchback,fwd,front,98.8,0.8543969245555022,0.9197786998616875,53.7,2385,ohc,four,122,2bbl,3.39,3.39,8.6,84.0,4800,26,32,10595,9.038461538461538,7.34375,Low,False,True,True,False
61,0,115,mazda,four,sedan,fwd,front,98.8,0.8543969245555022,0.9197786998616875,55.5,2410,ohc,four,122,2bbl,3.39,3.39,8.6,84.0,4800,26,32,10245,9.038461538461538,7.34375,Low,False,True,True,False
62,0,,mazda,,sedan,fwd,front,98.8,0.8543969245555022,0.9197786998616875,55.5,2443,ohc,four,122,idi,3.39,3.39,22.7,64.0,4650,36,42,10795,6.527777777777778,5.595238095238095,Low,True,False,True,False
63,0,115,mazda,four,hatchback,fwd,front,98.8,0.8543969245555022,0.9197786998616875,55.5,2425,ohc,four,122,2bbl,3.39,3.39,8.6,84.0,4800,26,32,11245,9.038461538461538,7.34375,Low,False,True,True,False
64,0,118,mazda,four,sedan,rwd,front,104.9,0.8409418548774628,0.9142461964038727,54.4,2670,ohc,four,140,mpfi,3.76,3.16,8.0,120.0,5000,19,27,18280,12.368421052631579,8.703703703703704,Low,False,True,True,False
65,0,,mazda,four,sedan,rwd,front,104.9,0.8409418548774628,0.9142461964038727,54.4,2700,ohc,four,134,idi,3.43,3.64,22.0,72.0,4200,31,39,18344,7.580645161290323,6.0256410256410255,Low,True,False,True,False
66,-1,93,mercedes-benz,four,sedan,rwd,front,110.0,0.9173474291206152,0.9723374827109267,56.5,3515,ohc,five,183,idi,3.58,3.64,21.5,123.0,4350,22,25,25552,10.681818181818182,9.4,Low,True,False,False,True
67,-1,93,mercedes-benz,four,wagon,rwd,front,110.0,0.9173474291206152,0.9723374827109267,58.7,3750,ohc,five,183,idi,3.58,3.64,21.5,123.0,4350,22,25,28248,10.681818181818182,9.4,Low,True,False,False,True
68,0,93,mercedes-benz,two,hardtop,rwd,front,106.7,0.9010091302258529,0.9723374827109267,54.9,3495,ohc,five,183,idi,3.58,3.64,21.5,123.0,4350,22,25,28176,10.681818181818182,9.4,Low,True,False,False,True
69,-1,93,mercedes-benz,four,sedan,rwd,front,115.6,0.9735703988467083,0.991701244813278,56.3,3770,ohc,five,183,idi,3.58,3.64,21.5,123.0,4350,22,25,31600,10.681818181818182,9.4,Low,True,False,False,True
70,-1,,mercedes-benz,four,sedan,rwd,front,115.6,0.9735703988467083,0.991701244813278,56.5,3740,ohcv,eight,234,mpfi,3.46,3.10,8.3,155.0,4750,16,18,34184,14.6875,13.055555555555555,Medium,False,True,True,False
71,3,142,mercedes-benz,two,convertible,rwd,front,96.6,0.8664103796251803,0.9751037344398341,50.8,3685,ohcv,eight,234,mpfi,3.46,3.10,8.3,155.0,4750,16,18,35056,14.6875,13.055555555555555,Medium,False,True,True,False
72,0,,mercedes-benz,four,sedan,rwd,front,120.9,1.0,0.991701244813278,56.7,3900,ohcv,eight,308,mpfi,3.80,3.35,8.0,184.0,4500,14,16,40960,16.785714285714285,14.6875,Medium,False,True,True,False
73,1,,mercedes-benz,two,hardtop,rwd,front,112.0,0.9572320999519461,0.995850622406639,55.4,3715,ohcv,eight,304,mpfi,3.80,3.35,8.0,184.0,4500,14,16,45400,16.785714285714285,14.6875,Medium,False,True,True,False
74,1,,mercury,two,hatchback,rwd,front,102.7,0.857280153772225,0.9405255878284924,54.8,2910,ohc,four,140,mpfi,3.78,3.12,8.0,175.0,5000,19,24,16503,12.368421052631579,9.791666666666666,Medium,False,True,False,True
75,2,161,mitsubishi,two,hatchback,fwd,front,93.7,0.7558865929841423,0.8907330567081606,50.8,1918,ohc,four,92,2bbl,2.97,3.23,9.4,68.0,5500,37,41,5389,6.351351351351352,5.7317073170731705,Low,False,True,True,False
76,2,161,mitsubishi,two,hatchback,fwd,front,93.7,0.7558865929841423,0.8907330567081606,50.8,1944,ohc,four,92,2bbl,2.97,3.23,9.4,68.0,5500,31,38,6189,7.580645161290323,6.184210526315789,Low,False,True,True,False
77,2,161,mitsubishi,two,hatchback,fwd,front,93.7,0.7558865929841423,0.8907330567081606,50.8,2004,ohc,four,92,2bbl,2.97,3.23,9.4,68.0,5500,31,38,6669,7.580645161290323,6.184210526315789,Low,False,True,True,False
78,1,161,mitsubishi,two,hatchback,fwd,front,93.0,0.7558865929841423,0.8824343015214384,50.8,2145,ohc,four,98,spdi,3.03,3.39,7.6,102.0,5500,24,30,7689,9.791666666666666,7.833333333333333,Low,False,True,False,True
79,3,153,mitsubishi,two,hatchback,fwd,front,96.3,0.8313310908217203,0.9045643153526972,49.4,2370,ohc,four,110,spdi,3.17,3.46,7.5,116.0,5500,23,30,9959,10.217391304347826,7.833333333333333,Low,False,True,False,True
80,3,153,mitsubishi,two,hatchback,fwd,front,96.3,0.8313310908217203,0.9045643153526972,49.4,2328,ohc,four,122,2bbl,3.35,3.46,8.5,88.0,5000,25,32,8499,9.4,7.34375,Low,False,True,True,False
81,3,,mitsubishi,two,hatchback,fwd,front,95.9,0.8322921672272945,0.91701244813278,50.2,2833,ohc,four,156,spdi,3.58,3.86,7.0,145.0,5000,19,24,12629,12.368421052631579,9.791666666666666,Medium,False,True,False,True
82,3,,mitsubishi,two,hatchback,fwd,front,95.9,0.8322921672272945,0.91701244813278,50.2,2921,ohc,four,156,spdi,3.59,3.86,7.0,145.0,5000,19,24,14869,12.368421052631579,9.791666666666666,Medium,False,True,False,True
83,3,,mitsubishi,two,hatchback,fwd,front,95.9,0.8322921672272945,0.91701244813278,50.2,2926,ohc,four,156,spdi,3.59,3.86,7.0,145.0,5000,19,24,14489,12.368421052631579,9.791666666666666,Medium,False,True,False,True
84,1,125,mitsubishi,four,sedan,fwd,front,96.3,0.8284478616049976,0.9045643153526972,51.6,2365,ohc,four,122,2bbl,3.35,3.46,8.5,88.0,5000,25,32,6989,9.4,7.34375,Low,False,True,True,False
85,1,125,mitsubishi,four,sedan,fwd,front,96.3,0.8284478616049976,0.9045643153526972,51.6,2405,ohc,four,122,2bbl,3.35,3.46,8.5,88.0,5000,25,32,8189,9.4,7.34375,Low,False,True,True,False
86,1,125,mitsubishi,four,sedan,fwd,front,96.3,0.8284478616049976,0.9045643153526972,51.6,2403,ohc,four,110,spdi,3.17,3.46,7.5,116.0,5500,23,30,9279,10.217391304347826,7.833333333333333,Low,False,True,False,True
87,-1,137,mitsubishi,four,sedan,fwd,front,96.3,0.8284478616049976,0.9045643153526972,51.6,2403,ohc,four,110,spdi,3.17,3.46,7.5,116.0,5500,23,30,9279,10.217391304347826,7.833333333333333,Low,False,True,True,False
88,1,128,nissan,two,sedan,fwd,front,94.5,0.794329649207112,0.8824343015214384,54.5,1889,ohc,four,97,2bbl,3.15,3.29,9.4,69.0,5200,31,37,5499,7.580645161290323,6.351351351351352,Low,False,True,True,False
89,1,128,nissan,two,sedan,fwd,front,94.5,0.794329649207112,0.8824343015214384,54.5,2017,ohc,four,103,idi,2.99,3.47,21.9,55.0,4800,45,50,7099,5.222222222222222,4.7,Low,True,False,True,False
90,1,128,nissan,two,sedan,fwd,front,94.5,0.794329649207112,0.8824343015214384,54.5,1918,ohc,four,97,2bbl,3.15,3.29,9.4,69.0,5200,31,37,6649,7.580645161290323,6.351351351351352,Low,False,True,True,False
91,1,122,nissan,four,sedan,fwd,front,94.5,0.794329649207112,0.8824343015214384,54.5,1938,ohc,four,97,2bbl,3.15,3.29,9.4,69.0,5200,31,37,6849,7.580645161290323,6.351351351351352,Low,False,True,True,False
92,1,103,nissan,four,wagon,fwd,front,94.5,0.8178760211436809,0.8824343015214384,53.5,2024,ohc,four,97,2bbl,3.15,3.29,9.4,69.0,5200,31,37,7349,7.580645161290323,6.351351351351352,Low,False,True,True,False
93,1,128,nissan,two,sedan,fwd,front,94.5,0.794329649207112,0.8824343015214384,54.5,1951,ohc,four,97,2bbl,3.15,3.29,9.4,69.0,5200,31,37,7299,7.580645161290323,6.351351351351352,Low,False,True,True,False
94,1,128,nissan,two,hatchback,fwd,front,94.5,0.7957712638154734,0.8824343015214384,53.3,2028,ohc,four,97,2bbl,3.15,3.29,9.4,69.0,5200,31,37,7799,7.580645161290323,6.351351351351352,Low,False,True,True,False
95,1,122,nissan,four,sedan,fwd,front,94.5,0.794329649207112,0.8824343015214384,54.5,1971,ohc,four,97,2bbl,3.15,3.29,9.4,69.0,5200,31,37,7499,7.580645161290323,6.351351351351352,Low,False,True,True,False
96,1,103,nissan,four,wagon,fwd,front,94.5,0.8178760211436809,0.8824343015214384,53.5,2037,ohc,four,97,2bbl,3.15,3.29,9.4,69.0,5200,31,37,7999,7.580645161290323,6.351351351351352,Low,False,True,True,False
97,2,168,nissan,two,hardtop,fwd,front,95.1,0.7803940413262855,0.8824343015214384,53.3,2008,ohc,four,97,2bbl,3.15,3.29,9.4,69.0,5200,31,37,8249,7.580645161290323,6.351351351351352,Low,False,True,True,False
98,0,106,nissan,four,hatchback,fwd,front,97.2,0.8332532436328689,0.9017980636237899,54.7,2324,ohc,four,120,2bbl,3.33,3.47,8.5,97.0,5200,27,34,8949,8.703703703703704,6.911764705882353,Low,False,True,True,False
99,0,106,nissan,four,sedan,fwd,front,97.2,0.8332532436328689,0.9017980636237899,54.7,2302,ohc,four,120,2bbl,3.33,3.47,8.5,97.0,5200,27,34,9549,8.703703703703704,6.911764705882353,Low,False,True,True,False
100,0,128,nissan,four,sedan,fwd,front,100.4,0.8731379144641999,0.9197786998616875,55.1,3095,ohcv,six,181,mpfi,3.43,3.27,9.0,152.0,5200,17,22,13499,13.823529411764707,10.681818181818182,Medium,False,True,True,False
101,0,108,nissan,four,wagon,fwd,front,100.4,0.8870735223450265,0.9197786998616875,56.1,3296,ohcv,six,181,mpfi,3.43,3.27,9.0,152.0,5200,17,22,14399,13.823529411764707,10.681818181818182,Medium,False,True,True,False
102,0,108,nissan,four,sedan,fwd,front,100.4,0.8870735223450265,0.9197786998616875,55.1,3060,ohcv,six,181,mpfi,3.43,3.27,9.0,152.0,5200,19,25,13499,12.368421052631579,9.4,Medium,False,True,True,False
103,3,194,nissan,two,hatchback,rwd,front,91.3,0.8202787121576165,0.9391424619640388,49.7,3071,ohcv,six,181,mpfi,3.43,3.27,9.0,160.0,5200,19,25,17199,12.368421052631579,9.4,Medium,False,True,True,False
104,3,194,nissan,two,hatchback,rwd,front,91.3,0.8202787121576165,0.9391424619640388,49.7,3139,ohcv,six,181,mpfi,3.43,3.27,7.8,200.0,5200,17,23,19699,13.823529411764707,10.217391304347826,Medium,False,True,False,True
105,1,231,nissan,two,hatchback,rwd,front,99.2,0.857760691975012,0.9391424619640388,49.7,3139,ohcv,six,181,mpfi,3.43,3.27,9.0,160.0,5200,19,25,18399,12.368421052631579,9.4,Medium,False,True,True,False
106,0,161,peugot,four,sedan,rwd,front,107.9,0.897164824603556,0.9460580912863071,56.7,3020,l,four,120,mpfi,3.46,3.19,8.4,97.0,5000,19,24,11900,12.368421052631579,9.791666666666666,Low,False,True,True,False
107,0,161,peugot,four,sedan,rwd,front,107.9,0.897164824603556,0.9460580912863071,56.7,3197,l,four,152,idi,3.70,3.52,21.0,95.0,4150,28,33,13200,8.392857142857142,7.121212121212121,Low,True,False,False,True
108,0,,peugot,four,wagon,rwd,front,114.2,0.9557904853435849,0.9460580912863071,58.7,3230,l,four,120,mpfi,3.46,3.19,8.4,97.0,5000,19,24,12440,12.368421052631579,9.791666666666666,Low,False,True,True,False
109,0,,peugot,four,wagon,rwd,front,114.2,0.9557904853435849,0.9460580912863071,58.7,3430,l,four,152,idi,3.70,3.52,21.0,95.0,4150,25,25,13860,9.4,9.4,Low,True,False,False,True
110,0,161,peugot,four,sedan,rwd,front,107.9,0.897164824603556,0.9460580912863071,56.7,3075,l,four,120,mpfi,3.46,2.19,8.4,95.0,5000,19,24,15580,12.368421052631579,9.791666666666666,Low,False,True,True,False
111,0,161,peugot,four,sedan,rwd,front,107.9,0.897164824603556,0.9460580912863071,56.7,3252,l,four,152,idi,3.70,3.52,21.0,95.0,4150,28,33,16900,8.392857142857142,7.121212121212121,Low,True,False,False,True
112,0,,peugot,four,wagon,rwd,front,114.2,0.9557904853435849,0.9460580912863071,56.7,3285,l,four,120,mpfi,3.46,2.19,8.4,95.0,5000,19,24,16695,12.368421052631579,9.791666666666666,Low,False,True,True,False
113,0,,peugot,four,wagon,rwd,front,114.2,0.9557904853435849,0.9460580912863071,58.7,3485,l,four,152,idi,3.70,3.52,21.0,95.0,4150,25,25,17075,9.4,9.4,Low,True,False,False,True
114,0,161,peugot,four,sedan,rwd,front,107.9,0.897164824603556,0.9460580912863071,56.7,3075,l,four,120,mpfi,3.46,3.19,8.4,97.0,5000,19,24,16630,12.368421052631579,9.791666666666666,Low,False,True,True,False
115,0,161,peugot,four,sedan,rwd,front,107.9,0.897164824603556,0.9460580912863071,56.7,3252,l,four,152,idi,3.70,3.52,21.0,95.0,4150,28,33,17950,8.392857142857142,7.121212121212121,Low,True,False,False,True
116,0,161,peugot,four,sedan,rwd,front,108.0,0.897164824603556,0.9446749654218534,56.0,3130,l,four,134,mpfi,3.61,3.21,7.0,142.0,5600,18,24,18150,13.055555555555555,9.791666666666666,Medium,False,True,False,True
117,1,119,plymouth,two,hatchback,fwd,front,93.7,0.7558865929841423,0.8824343015214384,50.8,1918,ohc,four,90,2bbl,2.97,3.23,9.4,68.0,5500,37,41,5572,6.351351351351352,5.7317073170731705,Low,False,True,True,False
118,1,119,plymouth,two,hatchback,fwd,front,93.7,0.7558865929841423,0.8824343015214384,50.8,2128,ohc,four,98,spdi,3.03,3.39,7.6,102.0,5500,24,30,7957,9.791666666666666,7.833333333333333,Low,False,True,False,True
119,1,154,plymouth,four,hatchback,fwd,front,93.7,0.7558865929841423,0.8824343015214384,50.6,1967,ohc,four,90,2bbl,2.97,3.23,9.4,68.0,5500,31,38,6229,7.580645161290323,6.184210526315789,Low,False,True,True,False
120,1,154,plymouth,four,sedan,fwd,front,93.7,0.8039404132628545,0.8824343015214384,50.8,1989,ohc,four,90,2bbl,2.97,3.23,9.4,68.0,5500,31,38,6692,7.580645161290323,6.184210526315789,Low,False,True,True,False
121,1,154,plymouth,four,sedan,fwd,front,93.7,0.8039404132628545,0.8824343015214384,50.8,2191,ohc,four,98,2bbl,2.97,3.23,9.4,68.0,5500,31,38,7609,7.580645161290323,6.184210526315789,Low,False,True,True,False
122,-1,74,plymouth,four,wagon,fwd,front,103.3,0.8390197020663143,0.8934993084370677,59.8,2535,ohc,four,122,2bbl,3.35,3.46,8.5,88.0,5000,24,30,8921,9.791666666666666,7.833333333333333,Low,False,True,True,False
123,3,,plymouth,two,hatchback,rwd,front,95.9,0.8322921672272945,0.91701244813278,50.2,2818,ohc,four,156,spdi,3.59,3.86,7.0,145.0,5000,19,24,12764,12.368421052631579,9.791666666666666,Medium,False,True,False,True
124,3,186,porsche,two,hatchback,rwd,front,94.5,0.8116290245074483,0.9446749654218534,50.2,2778,ohc,four,151,mpfi,3.94,3.11,9.5,143.0,5500,19,27,22018,12.368421052631579,8.703703703703704,Medium,False,True,True,False
125,3,,porsche,two,hardtop,rwd,rear,89.5,0.8116290245074483,0.8990318118948825,51.6,2756,ohcf,six,194,mpfi,3.74,2.90,9.5,207.0,5900,17,25,32528,13.823529411764707,9.4,Medium,False,True,True,False
126,3,,porsche,two,hardtop,rwd,rear,89.5,0.8116290245074483,0.8990318118948825,51.6,2756,ohcf,six,194,mpfi,3.74,2.90,9.5,207.0,5900,17,25,34028,13.823529411764707,9.4,Medium,False,True,True,False
127,3,,porsche,two,convertible,rwd,rear,89.5,0.8116290245074483,0.8990318118948825,51.6,2800,ohcf,six,194,mpfi,3.74,2.90,9.5,207.0,5900,17,25,37028,13.823529411764707,9.4,Medium,False,True,True,False
128,1,,porsche,two,hatchback,rwd,front,98.4,0.8443056222969726,1.0,50.5,3366,dohcv,eight,203,mpfi,3.94,3.11,10.0,288.0,5750,17,28,,13.823529411764707,8.392857142857142,High,False,True,True,False
129,0,,renault,four,wagon,fwd,front,96.1,0.8721768380586257,0.9197786998616875,55.2,2579,ohc,four,132,mpfi,3.46,3.90,8.7,,,23,31,9295,10.217391304347826,7.580645161290323,,False,True,True,False
130,2,,renault,two,hatchback,fwd,front,96.1,0.849591542527631,0.921161825726141,50.5,2460,ohc,four,132,mpfi,3.46,3.90,8.7,,,23,31,9895,10.217391304347826,7.580645161290323,,False,True,True,False
131,3,150,saab,two,hatchback,fwd,front,99.1,0.8966842864007688,0.9197786998616875,56.1,2658,ohc,four,121,mpfi,3.54,3.07,9.31,110.0,5250,21,28,11850,11.19047619047619,8.392857142857142,Low,False,True,True,False
132,2,104,saab,four,sedan,fwd,front,99.1,0.8966842864007688,0.9197786998616875,56.1,2695,ohc,four,121,mpfi,3.54,3.07,9.3,110.0,5250,21,28,12170,11.19047619047619,8.392857142857142,Low,False,True,True,False
133,3,150,saab,two,hatchback,fwd,front,99.1,0.8966842864007688,0.9197786998616875,56.1,2707,ohc,four,121,mpfi,2.54,2.07,9.3,110.0,5250,21,28,15040,11.19047619047619,8.392857142857142,Low,False,True,True,False
134,2,104,saab,four,sedan,fwd,front,99.1,0.8966842864007688,0.9197786998616875,56.1,2758,ohc,four,121,mpfi,3.54,3.07,9.3,110.0,5250,21,28,15510,11.19047619047619,8.392857142857142,Low,False,True,True,False
135,3,150,saab,two,hatchback,fwd,front,99.1,0.8966842864007688,0.9197786998616875,56.1,2808,dohc,four,121,mpfi,3.54,3.07,9.0,160.0,5500,19,26,18150,12.368421052631579,9.038461538461538,Medium,False,True,False,True
136,2,104,saab,four,sedan,fwd,front,99.1,0.8966842864007688,0.9197786998616875,56.1,2847,dohc,four,121,mpfi,3.54,3.07,9.0,160.0,5500,19,26,18620,12.368421052631579,9.038461538461538,Medium,False,True,False,True
137,2,83,subaru,two,hatchback,fwd,front,93.7,0.7539644401729938,0.8769017980636238,53.7,2050,ohcf,four,97,2bbl,3.62,2.36,9.0,69.0,4900,31,36,5118,7.580645161290323,6.527777777777778,Low,False,True,True,False
138,2,83,subaru,two,hatchback,fwd,front,93.7,0.758769822200865,0.8796680497925312,53.7,2120,ohcf,four,108,2bbl,3.62,2.64,8.7,73.0,4400,26,31,7053,9.038461538461538,7.580645161290323,Low,False,True,True,False
139,2,83,subaru,two,hatchback,4wd,front,93.3,0.7558865929841423,0.8824343015214384,55.7,2240,ohcf,four,108,2bbl,3.62,2.64,8.7,73.0,4400,26,31,7603,9.038461538461538,7.580645161290323,Low,False,True,True,False
140,0,102,subaru,four,sedan,fwd,front,97.2,0.8265257087938491,0.9045643153526972,52.5,2145,ohcf,four,108,2bbl,3.62,2.64,9.5,82.0,4800,32,37,7126,7.34375,6.351351351351352,Low,False,True,True,False
141,0,102,subaru,four,sedan,fwd,front,97.2,0.8265257087938491,0.9045643153526972,52.5,2190,ohcf,four,108,2bbl,3.62,2.64,9.5,82.0,4400,28,33,7775,8.392857142857142,7.121212121212121,Low,False,True,True,False
142,0,102,subaru,four,sedan,fwd,front,97.2,0.8265257087938491,0.9045643153526972,52.5,2340,ohcf,four,108,mpfi,3.62,2.64,9.0,94.0,5200,26,32,9960,9.038461538461538,7.34375,Low,False,True,True,False
143,0,102,subaru,four,sedan,4wd,front,97.0,0.8265257087938491,0.9045643153526972,54.3,2385,ohcf,four,108,2bbl,3.62,2.64,9.0,82.0,4800,24,25,9233,9.791666666666666,9.4,Low,False,True,True,False
144,0,102,subaru,four,sedan,4wd,front,97.0,0.8265257087938491,0.9045643153526972,54.3,2510,ohcf,four,108,mpfi,3.62,2.64,7.7,111.0,4800,24,29,11259,9.791666666666666,8.10344827586207,Low,False,True,False,True
145,0,89,subaru,four,wagon,fwd,front,97.0,0.8337337818356559,0.9045643153526972,53.0,2290,ohcf,four,108,2bbl,3.62,2.64,9.0,82.0,4800,28,32,7463,8.392857142857142,7.34375,Low,False,True,True,False
146,0,89,subaru,four,wagon,fwd,front,97.0,0.8337337818356559,0.9045643153526972,53.0,2455,ohcf,four,108,mpfi,3.62,2.64,9.0,94.0,5200,25,31,10198,9.4,7.580645161290323,Low,False,True,True,False
147,0,85,subaru,four,wagon,4wd,front,96.9,0.8342143200384431,0.9045643153526972,54.9,2420,ohcf,four,108,2bbl,3.62,2.64,9.0,82.0,4800,23,29,8013,10.217391304347826,8.10344827586207,Low,False,True,True,False
148,0,85,subaru,four,wagon,4wd,front,96.9,0.8342143200384431,0.9045643153526972,54.9,2650,ohcf,four,108,mpfi,3.62,2.64,7.7,111.0,4800,23,23,11694,10.217391304347826,10.217391304347826,Low,False,True,False,True
149,1,87,toyota,two,hatchback,fwd,front,95.7,0.762614127823162,0.8796680497925312,54.5,1985,ohc,four,92,2bbl,3.05,3.03,9.0,62.0,4800,35,39,5348,6.714285714285714,6.0256410256410255,Low,False,True,True,False
150,1,87,toyota,two,hatchback,fwd,front,95.7,0.762614127823162,0.8796680497925312,54.5,2040,ohc,four,92,2bbl,3.05,3.03,9.0,62.0,4800,31,38,6338,7.580645161290323,6.184210526315789,Low,False,True,True,False
151,1,74,toyota,four,hatchback,fwd,front,95.7,0.762614127823162,0.8796680497925312,54.5,2015,ohc,four,92,2bbl,3.05,3.03,9.0,62.0,4800,31,38,6488,7.580645161290323,6.184210526315789,Low,False,True,True,False
152,0,77,toyota,four,wagon,fwd,front,95.7,0.8154733301297453,0.8796680497925312,59.1,2280,ohc,four,92,2bbl,3.05,3.03,9.0,62.0,4800,31,37,6918,7.580645161290323,6.351351351351352,Low,False,True,True,False
153,0,81,toyota,four,wagon,4wd,front,95.7,0.8154733301297453,0.8796680497925312,59.1,2290,ohc,four,92,2bbl,3.05,3.03,9.0,62.0,4800,27,32,7898,8.703703703703704,7.34375,Low,False,True,True,False
154,0,91,toyota,four,wagon,4wd,front,95.7,0.8154733301297453,0.8796680497925312,59.1,3110,ohc,four,92,2bbl,3.05,3.03,9.0,62.0,4800,27,32,8778,8.703703703703704,7.34375,Low,False,True,True,False
155,0,91,toyota,four,sedan,fwd,front,95.7,0.7991350312349833,0.8907330567081606,53.0,2081,ohc,four,98,2bbl,3.19,3.03,9.0,70.0,4800,30,37,6938,7.833333333333333,6.351351351351352,Low,False,True,True,False
156,0,91,toyota,four,hatchback,fwd,front,95.7,0.7991350312349833,0.8907330567081606,52.8,2109,ohc,four,98,2bbl,3.19,3.03,9.0,70.0,4800,30,37,7198,7.833333333333333,6.351351351351352,Low,False,True,True,False
157,0,91,toyota,four,sedan,fwd,front,95.7,0.7991350312349833,0.8907330567081606,53.0,2275,ohc,four,110,idi,3.27,3.35,22.5,56.0,4500,34,36,7898,6.911764705882353,6.527777777777778,Low,True,False,True,False
158,0,91,toyota,four,hatchback,fwd,front,95.7,0.7991350312349833,0.8907330567081606,52.8,2275,ohc,four,110,idi,3.27,3.35,22.5,56.0,4500,38,47,7788,6.184210526315789,5.0,Low,True,False,True,False
159,0,91,toyota,four,sedan,fwd,front,95.7,0.7991350312349833,0.8907330567081606,53.0,2094,ohc,four,98,2bbl,3.19,3.03,9.0,70.0,4800,38,47,7738,6.184210526315789,5.0,Low,False,True,True,False
160,0,91,toyota,four,hatchback,fwd,front,95.7,0.7991350312349833,0.8907330567081606,52.8,2122,ohc,four,98,2bbl,3.19,3.03,9.0,70.0,4800,28,34,8358,8.392857142857142,6.911764705882353,Low,False,True,True,False
161,0,91,toyota,four,sedan,fwd,front,95.7,0.7991350312349833,0.8907330567081606,52.8,2140,ohc,four,98,2bbl,3.19,3.03,9.0,70.0,4800,28,34,9258,8.392857142857142,6.911764705882353,Low,False,True,True,False
162,1,168,toyota,two,sedan,rwd,front,94.5,0.810667948101874,0.8852005532503459,52.6,2169,ohc,four,98,2bbl,3.19,3.03,9.0,70.0,4800,29,34,8058,8.10344827586207,6.911764705882353,Low,False,True,True,False
163,1,168,toyota,two,hatchback,rwd,front,94.5,0.810667948101874,0.8852005532503459,52.6,2204,ohc,four,98,2bbl,3.19,3.03,9.0,70.0,4800,29,34,8238,8.10344827586207,6.911764705882353,Low,False,True,True,False
164,1,168,toyota,two,sedan,rwd,front,94.5,0.810667948101874,0.8852005532503459,52.6,2265,dohc,four,98,mpfi,3.24,3.08,9.4,112.0,6600,26,29,9298,9.038461538461538,8.10344827586207,Low,False,True,True,False
165,1,168,toyota,two,hatchback,rwd,front,94.5,0.810667948101874,0.8852005532503459,52.6,2300,dohc,four,98,mpfi,3.24,3.08,9.4,112.0,6600,26,29,9538,9.038461538461538,8.10344827586207,Low,False,True,True,False
166,2,134,toyota,two,hardtop,rwd,front,98.4,0.8467083133109082,0.9073305670816044,52.0,2540,ohc,four,146,mpfi,3.62,3.50,9.3,116.0,4800,24,30,8449,9.791666666666666,7.833333333333333,Low,False,True,True,False
167,2,134,toyota,two,hardtop,rwd,front,98.4,0.8467083133109082,0.9073305670816044,52.0,2536,ohc,four,146,mpfi,3.62,3.50,9.3,116.0,4800,24,30,9639,9.791666666666666,7.833333333333333,Low,False,True,True,False
168,2,134,toyota,two,hatchback,rwd,front,98.4,0.8467083133109082,0.9073305670816044,52.0,2551,ohc,four,146,mpfi,3.62,3.50,9.3,116.0,4800,24,30,9989,9.791666666666666,7.833333333333333,Low,False,True,True,False
169,2,134,toyota,two,hardtop,rwd,front,98.4,0.8467083133109082,0.9073305670816044,52.0,2679,ohc,four,146,mpfi,3.62,3.50,9.3,116.0,4800,24,30,11199,9.791666666666666,7.833333333333333,Low,False,True,True,False
170,2,134,toyota,two,hatchback,rwd,front,98.4,0.8467083133109082,0.9073305670816044,52.0,2714,ohc,four,146,mpfi,3.62,3.50,9.3,116.0,4800,24,30,11549,9.791666666666666,7.833333333333333,Low,False,True,True,False
171,2,134,toyota,two,convertible,rwd,front,98.4,0.8467083133109082,0.9073305670816044,53.0,2975,ohc,four,146,mpfi,3.62,3.50,9.3,116.0,4800,24,30,17669,9.791666666666666,7.833333333333333,Low,False,True,True,False
172,-1,65,toyota,four,sedan,fwd,front,102.4,0.8438250840941854,0.9197786998616875,54.9,2326,ohc,four,122,mpfi,3.31,3.54,8.7,92.0,4200,29,34,8948,8.10344827586207,6.911764705882353,Low,False,True,True,False
173,-1,65,toyota,four,sedan,fwd,front,102.4,0.8438250840941854,0.9197786998616875,54.9,2480,ohc,four,110,idi,3.27,3.35,22.5,73.0,4500,30,33,10698,7.833333333333333,7.121212121212121,Low,True,False,False,True
174,-1,65,toyota,four,hatchback,fwd,front,102.4,0.8438250840941854,0.9197786998616875,53.9,2414,ohc,four,122,mpfi,3.31,3.54,8.7,92.0,4200,27,32,9988,8.703703703703704,7.34375,Low,False,True,True,False
175,-1,65,toyota,four,sedan,fwd,front,102.4,0.8438250840941854,0.9197786998616875,54.9,2414,ohc,four,122,mpfi,3.31,3.54,8.7,92.0,4200,27,32,10898,8.703703703703704,7.34375,Low,False,True,True,False
176,-1,65,toyota,four,hatchback,fwd,front,102.4,0.8438250840941854,0.9197786998616875,53.9,2458,ohc,four,122,mpfi,3.31,3.54,8.7,92.0,4200,27,32,11248,8.703703703703704,7.34375,Low,False,True,True,False
177,3,197,toyota,two,hatchback,rwd,front,102.9,0.8817876021143681,0.9363762102351315,52.0,2976,dohc,six,171,mpfi,3.27,3.35,9.3,161.0,5200,20,24,16558,11.75,9.791666666666666,Medium,False,True,True,False
178,3,197,toyota,two,hatchback,rwd,front,102.9,0.8817876021143681,0.9363762102351315,52.0,3016,dohc,six,171,mpfi,3.27,3.35,9.3,161.0,5200,19,24,15998,12.368421052631579,9.791666666666666,Medium,False,True,True,False
179,-1,90,toyota,four,sedan,rwd,front,104.5,0.9024507448342144,0.9197786998616875,54.1,3131,dohc,six,171,mpfi,3.27,3.35,9.2,156.0,5200,20,24,15690,11.75,9.791666666666666,Medium,False,True,True,False
180,-1,,toyota,four,wagon,rwd,front,104.5,0.9024507448342144,0.9197786998616875,54.1,3151,dohc,six,161,mpfi,3.27,3.35,9.2,156.0,5200,19,24,15750,12.368421052631579,9.791666666666666,Medium,False,True,True,False
181,2,122,volkswagen,two,sedan,fwd,front,97.3,0.8250840941854877,0.9059474412171508,55.7,2261,ohc,four,97,idi,3.01,3.40,23.0,52.0,4800,37,46,7775,6.351351351351352,5.108695652173913,Low,True,False,True,False
182,2,122,volkswagen,two,sedan,fwd,front,97.3,0.8250840941854877,0.9059474412171508,55.7,2209,ohc,four,109,mpfi,3.19,3.40,9.0,85.0,5250,27,34,7975,8.703703703703704,6.911764705882353,Low,False,True,True,False
183,2,94,volkswagen,four,sedan,fwd,front,97.3,0.8250840941854877,0.9059474412171508,55.7,2264,ohc,four,97,idi,3.01,3.40,23.0,52.0,4800,37,46,7995,6.351351351351352,5.108695652173913,Low,True,False,True,False
184,2,94,volkswagen,four,sedan,fwd,front,97.3,0.8250840941854877,0.9059474412171508,55.7,2212,ohc,four,109,mpfi,3.19,3.40,9.0,85.0,5250,27,34,8195,8.703703703703704,6.911764705882353,Low,False,True,True,False
185,2,94,volkswagen,four,sedan,fwd,front,97.3,0.8250840941854877,0.9059474412171508,55.7,2275,ohc,four,109,mpfi,3.19,3.40,9.0,85.0,5250,27,34,8495,8.703703703703704,6.911764705882353,Low,False,True,True,False
186,2,94,volkswagen,four,sedan,fwd,front,97.3,0.8250840941854877,0.9059474412171508,55.7,2319,ohc,four,97,idi,3.01,3.40,23.0,68.0,4500,37,42,9495,6.351351351351352,5.595238095238095,Low,True,False,False,True
187,2,94,volkswagen,four,sedan,fwd,front,97.3,0.8250840941854877,0.9059474412171508,55.7,2300,ohc,four,109,mpfi,3.19,3.40,10.0,100.0,5500,26,32,9995,9.038461538461538,7.34375,Low,False,True,True,False
188,3,,volkswagen,two,convertible,fwd,front,94.5,0.7654973570398848,0.8879668049792532,55.6,2254,ohc,four,109,mpfi,3.19,3.40,8.5,90.0,5500,24,29,11595,9.791666666666666,8.10344827586207,Low,False,True,True,False
189,3,256,volkswagen,two,hatchback,fwd,front,94.5,0.7962518020182604,0.8852005532503459,51.4,2221,ohc,four,109,mpfi,3.19,3.40,8.5,90.0,5500,24,29,9980,9.791666666666666,8.10344827586207,Low,False,True,True,False
190,0,,volkswagen,four,sedan,fwd,front,100.4,0.865929841422393,0.9253112033195022,55.1,2661,ohc,five,136,mpfi,3.19,3.40,8.5,110.0,5500,19,24,13295,12.368421052631579,9.791666666666666,Low,False,True,True,False
191,0,,volkswagen,four,sedan,fwd,front,100.4,0.865929841422393,0.9253112033195022,55.1,2579,ohc,four,97,idi,3.01,3.40,23.0,68.0,4500,33,38,13845,7.121212121212121,6.184210526315789,Low,True,False,False,True
192,0,,volkswagen,four,wagon,fwd,front,100.4,0.8798654493032196,0.9253112033195022,55.1,2563,ohc,four,109,mpfi,3.19,3.40,9.0,88.0,5500,25,31,12290,9.4,7.580645161290323,Low,False,True,True,False
193,-2,103,volvo,four,sedan,rwd,front,104.3,0.9072561268620856,0.9294605809128631,56.2,2912,ohc,four,141,mpfi,3.78,3.15,9.5,114.0,5400,23,28,12940,10.217391304347826,8.392857142857142,Low,False,True,True,False
194,-1,74,volvo,four,wagon,rwd,front,104.3,0.9072561268620856,0.9294605809128631,57.5,3034,ohc,four,141,mpfi,3.78,3.15,9.5,114.0,5400,23,28,13415,10.217391304347826,8.392857142857142,Low,False,True,True,False
195,-2,103,volvo,four,sedan,rwd,front,104.3,0.9072561268620856,0.9294605809128631,56.2,2935,ohc,four,141,mpfi,3.78,3.15,9.5,114.0,5400,24,28,15985,9.791666666666666,8.392857142857142,Low,False,True,True,False
196,-1,74,volvo,four,wagon,rwd,front,104.3,0.9072561268620856,0.9294605809128631,57.5,3042,ohc,four,141,mpfi,3.78,3.15,9.5,114.0,5400,24,28,16515,9.791666666666666,8.392857142857142,Low,False,True,True,False
197,-2,103,volvo,four,sedan,rwd,front,104.3,0.9072561268620856,0.9294605809128631,56.2,3045,ohc,four,130,mpfi,3.62,3.15,7.5,162.0,5100,17,22,18420,13.823529411764707,10.681818181818182,Medium,False,True,False,True
198,-1,74,volvo,four,wagon,rwd,front,104.3,0.9072561268620856,0.9294605809128631,57.5,3157,ohc,four,130,mpfi,3.62,3.15,7.5,162.0,5100,17,22,18950,13.823529411764707,10.681818181818182,Medium,False,True,False,True
199,-1,95,volvo,four,sedan,rwd,front,109.1,0.9072561268620856,0.9529737206085755,55.5,2952,ohc,four,141,mpfi,3.78,3.15,9.5,114.0,5400,23,28,16845,10.217391304347826,8.392857142857142,Low,False,True,True,False
200,-1,95,volvo,four,sedan,rwd,front,109.1,0.9072561268620856,0.9515905947441217,55.5,3049,ohc,four,141,mpfi,3.78,3.15,8.7,160.0,5300,19,25,19045,12.368421052631579,9.4,Medium,False,True,False,True
201,-1,95,volvo,four,sedan,rwd,front,109.1,0.9072561268620856,0.9529737206085755,55.5,3012,ohcv,six,173,mpfi,3.58,2.87,8.8,134.0,5500,18,23,21485,13.055555555555555,10.217391304347826,Medium,False,True,True,False
202,-1,95,volvo,four,sedan,rwd,front,109.1,0.9072561268620856,0.9529737206085755,55.5,3217,ohc,six,145,idi,3.01,3.40,23.0,106.0,4800,26,27,22470,9.038461538461538,8.703703703703704,Low,True,False,False,True
203,-1,95,volvo,four,sedan,rwd,front,109.1,0.9072561268620856,0.9529737206085755,55.5,3062,ohc,four,141,mpfi,3.78,3.15,9.5,114.0,5400,19,25,22625,12.368421052631579,9.4,Low,False,True,False,True
